"region";"subregion";"key";"value"
"Rosalia Larroque";”Rosalia Larroque”;”Rosalia Larroque”;1
“Richard Fox”;”Richard Fox”;”Richard Fox”;2
“Kerstin Belveal”;“Kerstin Belveal”;“Kerstin Belveal”;3
“Patrick Lane”;“Patrick Lane”;“Patrick Lane”;4
“May Burton”;“May Burton”;“May Burton”;5
“Meryl Pastuch”;“Meryl Pastuch”;“Meryl Pastuch”;6
“Julie Tierno”;“Julie Tierno”;“Julie Tierno”;7
“Glen Grant”;“Glen Grant”;“Glen Grant”;8
“Tobi Gatlin”;“Tobi Gatlin”;“Tobi Gatlin”;9
“Dylan Ballard”;“Dylan Ballard”;“Dylan Ballard”;10
